complex_name,food,clothing,wood,petrochemical,non_metal,metal,machinery,electronics,trans,other,non_manu
GW일반산업단지,0,0.054022222,0.241539106,0.118229271,0,0.123677139,0.291314225,0.043017132,0.426643042,0.062195531,0.087112558
I-Food Park일반산업단지,0.783396266,0,0,0,0,0,0,0,0,0,0.037517336
KCC울산일반산업단지,0.06127541,0,0.196301612,0,0.398326699,0,0.282291712,0.242782507,0.366076693,0,0.306888402
가평목동일반산업단지,0.203552505,0,0,0.118229271,0,0,0.130607889,0.14289982,0,0,0
강릉과학일반산업단지,0.601441633,0.054022222,0,0.518156239,0.732806668,0.053264845,0.261780184,0.336401672,0.133699851,0.062195531,0.260022805
강릉중소일반산업단지,0.06127541,0,0.196301612,0,0,0,0.314756278,0.14289982,0.133699851,0,0.176347979
강진환경산업단지,0.203552505,0,0,0.239339694,0.196765836,0.053264845,0.091290997,0.099882688,0.057581392,0,0
강화일반산업단지,0.203552505,0.125435715,0.307840526,0.365590742,0.196765836,0.053264845,0.393224289,0.273483655,0,0,0.153350719
강화하점일반산업단지,0,0.179457937,0.059092673,0.208127785,0,0,0,0.043017132,0.057581392,0,0
거제모사일반산업단지,0,0,0,0,0,0,0,0,0.057581392,0,0
거제오비일반산업단지,0,0,0,0,0,0,0,0,0.191281243,0,0
거창일반산업단지,0.439951871,0,0.241539106,0,0,0.176941984,0.378092815,0,0.057581392,0,0.124629894
경북바이오일반산업단지,0.546689459,0,0,0.287377117,0.084742433,0,0.160706336,0,0,0,0.176347979
경산제1일반산업단지,0.06127541,0.575053459,0.277761549,0.484324894,0.196765836,0.300619123,0.450428253,0.259064992,0.581002716,0.414110999,0.176347979
경산제2일반산업단지,0.369023055,0.513846014,0,0.365590742,0,0.123677139,0.282291712,0.286417163,0.383389084,0.206609082,0.124629894
경산제3일반산업단지,0,0.054022222,0,0.208127785,0,0,0.409680452,0.043017132,0.581002716,0.062195531,0.087112558
경주강동일반산업단지,0.06127541,0,0.307840526,0.265257944,0.398326699,0.405987406,0.446066076,0,0.383389084,0,0.293392286
경주건천용명일반산업단지,0,0,0,0.239339694,0,0,0.091290997,0.043017132,0.133699851,0,0.087112558
경주건천제1일반산업단지,0,0,0,0,0,0.053264845,0,0.099882688,0.133699851,0,0.087112558
경주건천제2일반산업단지,0,0,0,0.208127785,0,0.176941984,0.204819517,0,0.270657861,0,0.195444815
경주검단일반산업단지,0.06127541,0,0,0,0,0,0.039316892,0.043017132,0,0,0.153350719
경주구어제2일반산업단지,0,0,0,0,0,0.053264845,0.403381221,0,0.553734267,0,0.249798361
경주녹동일반산업단지,0,0,0,0,0,0,0.249959187,0,0.438888352,0,0.087112558
경주모화일반산업단지,0,0,0,0,0,0.250368191,0.334187525,0.14289982,0.534932215,0,0.2259432
경주문산일반산업단지,0,0,0,0,0,0,0.321608605,0,0.399081502,0,0.153350719
경주문산제2일반산업단지,0,0,0,0.239339694,0,0,0.439191352,0.286417163,0.575895004,0,0.324429608
경주석계일반산업단지,0,0,0,0.239339694,0,0.123677139,0.249959187,0,0.270657861,0,0.249798361
경주석계제2일반산업단지,0,0,0,0,0,0.176941984,0.221898886,0,0.133699851,0,0.087112558
경주석계제4일반산업단지,0,0,0,0,0,0,0.261780184,0,0.191281243,0,0.037517336
경주외동일반산업단지,0,0.054022222,0,0.050918575,0,0,0.130607889,0.043017132,0.460975004,0,0.087112558
경주외동제2일반산업단지,0,0,0,0,0,0.053264845,0.204819517,0,0.450296789,0,0.195444815
경주제내제2일반산업단지,0,0,0,0,0,0,0.160706336,0,0.133699851,0,0.211742452
경주천북일반산업단지,0.06127541,0,0.277761549,0.239339694,0.478274106,0.320780486,0.409680452,0.043017132,0.399081502,0,0.324429608
경주천북제2일반산업단지,0,0,0,0,0,0,0,0,0.057581392,0,0
경주화산일반산업단지,0,0,0.059092673,0,0,0,0.160706336,0,0.299967575,0,0.124629894
계룡제1산업단지,0.454013466,0,0,0,0,0,0.204819517,0.099882688,0.057581392,0,0
고덕국제화계획지구일반산업단지,0,0,0,0.050918575,0,0,0,0.043017132,0,0,0.037517336
고령개진일반산업단지,0.389561604,0.281426247,0.196301612,0.239339694,0,0,0.091290997,0.043017132,0.057581392,0,0
고령제1일반산업단지,0,0,0,0,0.398326699,0.57078405,0.282291712,0,0.191281243,0,0.037517336
고령제2일반산업단지,0,0.054022222,0.059092673,0.323717491,0.196765836,0.3546486,0.328071783,0,0.270657861,0,0.195444815
고성내산일반산업단지,0,0,0,0,0,0,0,0,0.057581392,0,0
고성대가룡일반산업단지,0,0,0,0,0,0,0.039316892,0,0,0,0.087112558
고성대독일반산업단지,0,0,0,0,0,0,0,0,0.057581392,0,0.037517336
고성율대일반산업단지,0,0,0,0,0,0,0.091290997,0,0.057581392,0,0.037517336
고성장좌일반산업단지,0,0,0,0,0,0,0,0,0.057581392,0,0
고창일반산업단지,0.142277095,0,0,0,0.084742433,0,0,0,0,0,0
공주유구자카드일반산업단지,0.06127541,0.359691379,0,0,0,0,0.039316892,0,0,0,0.037517336
공주탄천일반산업단지,0.203552505,0,0,0.460805395,0.196765836,0.053264845,0.130607889,0,0,0,0
관리일반산업단지,0,0,0,0,0,0,0.130607889,0,0,0,0
광명일반산업단지,0,0,0,0,0.28150827,0.053264845,0.204819517,0,0,0,0.2259432
광양세풍일반산업단지,0.06127541,0,0.059092673,0.050918575,0,0.053264845,0.039316892,0,0,0,0.037517336
광양신금일반산업단지,0,0.054022222,0.059092673,0,0.084742433,0,0.339991192,0.35187623,0,0,0.238518418
광양익신일반산업단지,0,0,0,0.050918575,0.084742433,0.053264845,0.409680452,0.286417163,0,0,0.153350719
광양황금일반산업단지,0,0,0,0,0.196765836,0,0.039316892,0,0,0,0.037517336
광주본촌일반산업단지,0.695194355,0.400271763,0.473073756,0.208127785,0.346381547,0.053264845,0.378092815,0.308859098,0.270657861,0.460831004,0.443236637
광주소촌일반산업단지,0.28802137,0,0,0.239339694,0.084742433,0,0.291314225,0.099882688,0.235361799,0.324004719,0.293392286
광주송암일반산업단지,0.06127541,0.054022222,0.059092673,0.239339694,0.084742433,0,0.261780184,0,0.383389084,0,0.360787299
광주첨단과학국가산업단지,0,0.068529437,0,0.498782431,0.386210511,0.192683811,0.589301422,0.788557484,0.548128222,0,0.780302501
광주평동3차일반산업단지,0.25046096,0,0,0,0,0.123677139,0.460652075,0.418026571,0.191281243,0,0.356855625
광주평동일반산업단지,0.562044254,0.422463445,0.527215432,0.641970839,0.398326699,0.49483141,0.601066759,0.495138791,0.741998282,0.537833269,0.399362953
광주하남일반산업단지,0.467044348,0.488892928,0.676986609,0.657819596,0.398326699,0.563102762,0.68414883,0.569098156,0.653284224,0.518977915,0.441417744
괴산대제일반산업단지,0.369023055,0,0.137208938,0.352903271,0.441461754,0.123677139,0.272495053,0.043017132,0,0,0
괴산유기식품일반산업단지,0.439951871,0,0,0,0,0,0,0,0,0,0.124629894
괴산첨단산업단지,0.06127541,0,0,0.239339694,0,0,0,0.242782507,0,0,0
구미국가산업단지,0.67118825,0.862146019,0.841466109,0.902129928,0.886481076,0.698543394,0.782101547,0,0,0,0
국가식품클러스터국가산업단지,0.918482214,0,0.138257141,0.237541066,0,0,0,0,0,0,0.22332255
국가식품클러스터식품산업단지중소협력단지형외국인투자지역,0.06127541,0,0,0,0,0,0,0,0,0,0
군산2국가산업단지,0.474380999,0.284440112,0.593336607,0.666447072,0.751713192,0.539620604,0.61814474,0.387925138,0.740088404,0.427220227,0.405072843
군산국가산업단지,0.356671901,0.189743839,0.253271314,0.516721476,0.410670325,0.244648787,0.458604622,0.345401725,0.671291458,0.227115287,0.328663531
군산일반산업단지,0.345829601,0.054022222,0.241539106,0.37727563,0.732806668,0.217718073,0.091290997,0.043017132,0.133699851,0,0.2259432
기장기룡제1일반산업단지,0.06127541,0,0,0,0,0,0,0,0,0,0
기장기룡제2일반산업단지,0,0,0,0.050918575,0,0.053264845,0,0,0,0,0
기장명례일반산업단지,0.06127541,0.179457937,0,0,0,0.488567926,0.396711863,0.202199436,0.513732018,0,0.30034971
기장에코장안일반산업단지,0,0.253928198,0,0.118229271,0.084742433,0,0.160706336,0.099882688,0.191281243,0,0.176347979
기장장안일반산업단지,0,0,0,0,0,0,0.385910368,0.344379009,0.528161142,0,0.269371065
기장정관일반산업단지,0.42468377,0.054022222,0.307840526,0.118229271,0.346381547,0.176941984,0.450428253,0.298140444,0.575895004,0.395411323,0.313055757
김제순동일반산업단지,0.369023055,0,0.137208938,0.208127785,0.196765836,0,0.204819517,0.224095744,0.324981094,0,0
김제지평선일반산업단지,0.369023055,0.220813825,0.137208938,0.287377117,0.196765836,0.176941984,0.418518788,0.259064992,0.489432956,0.062195531,0.153350719
김천제1일반산업단지,0.47918467,0.220813825,0.137208938,0.416509317,0.645911217,0.123677139,0.345513018,0.308859098,0.575895004,0,0.124629894
김포상마일반산업단지,0,0,0.059092673,0.365590742,0,0.277480724,0.249959187,0.043017132,0,0.062195531,0
김포양촌일반산업단지,0,0.253928198,0.736170251,0.55263506,0,0.482038777,0.646685011,0.671145932,0.057581392,0.675027352,0.409674617
김포율생일반산업단지,0,0,0.059092673,0.208127785,0,0.123677139,0.130607889,0.043017132,0,0.144413551,0
김포통진일반산업단지,0,0,0,0.169147846,0,0,0,0,0,0,0
김포학운2일반산업단지,0.142277095,0,0.277761549,0.577691872,0,0.320780486,0.434365381,0.202199436,0,0.431060889,0.124629894
김포학운3일반산업단지,0.407984637,0,0.409555797,0.643818621,0,0.49483141,0.557317093,0.441344732,0,0.414110999,0.306888402
김포학운4일반산업단지,0.142277095,0,0,0.478787976,0.084742433,0.416540617,0.533248667,0.286417163,0,0.144413551,0
김포학운일반산업단지,0,0,0.196301612,0.339026643,0,0.176941984,0.307465134,0.043017132,0,0.062195531,0.037517336
김포항공일반산업단지,0,0,0,0,0,0,0,0,0.133699851,0,0.176347979
김해GoldenRoot일반산업단지,0,0,0,0.118229271,0,0,0.492790709,0.437749785,0.541438519,0,0.277980613
김해덕암일반산업단지,0.203552505,0,0.059092673,0.287377117,0.084742433,0.123677139,0.272495053,0,0.34677632,0.062195531,0.037517336
김해명동일반산업단지,0,0,0,0,0,0.176941984,0.385910368,0.043017132,0.270657861,0,0.153350719
김해오척일반산업단지,0,0,0,0,0,0.123677139,0.236780787,0.14289982,0.324981094,0,0.153350719
김해이노비즈벨리일반산업단지,0.06127541,0,0,0,0.28150827,0,0.091290997,0,0,0,0.195444815
김해진영주호일반산업단지,0,0,0,0,0,0,0.282291712,0.099882688,0.191281243,0,0.037517336
김해테크노밸리일반산업단지,0,0,0,0,0.084742433,0.053264845,0.604419963,0.469730231,0.740077768,0,0.445025481
나주문평일반산업단지,0.06127541,0.054022222,0,0.118229271,0,0,0.091290997,0,0,0,0
나주신도일반산업단지,0,0,0.33351055,0,0,0,0.091290997,0.259064992,0,0,0.124629894
나주일반산업단지,0.595454605,0.054022222,0.196301612,0.239339694,0.084742433,0,0.221898886,0.099882688,0,0.144413551,0.037517336
나주혁신일반산업단지,0.47918467,0,0,0.42487966,0.084742433,0,0.261780184,0.602243638,0.057581392,0,0.269371065
남공주일반산업단지,0,0,0,0.398192372,0,0,0.130607889,0.043017132,0,0,0.124629894
남동국가산업단지,0.965933458,0.805788712,0.985418014,1,1,0.804231201,0.939608607,0.899499909,0.916440076,1,0.587686421
남양주광릉테크노밸리일반산업단지,0.31921139,0.054022222,0.059092673,0.287377117,0,0,0.282291712,0.175830929,0.191281243,0,0.037517336
남양주금곡일반산업단지,0.369023055,0.054022222,0.241539106,0.306650389,0,0,0.184806682,0.099882688,0,0.144413551,0
남양주진관일반산업단지,0,0.400271763,0.33351055,0.323717491,0.28150827,0,0.328071783,0.273483655,0,0.144413551,0.087112558
남여주일반산업단지,0,0,0,0.050918575,0,0,0,0.202199436,0,0,0
남원일반산업단지,0,0,0,0,0.346381547,0,0.204819517,0,0,0,0
남춘천일반산업단지,0.31921139,0.054022222,0,0.323717491,0,0,0.039316892,0.043017132,0,0,0.153350719
논산동산일반산업단지,0.25046096,0.054022222,0.241539106,0.352903271,0.084742433,0.053264845,0.261780184,0.099882688,0.133699851,0,0.124629894
논산일반산업단지,0.454013466,0.179457937,0.196301612,0.265257944,0.084742433,0,0.091290997,0.099882688,0,0,0.124629894
논산제2일반산업단지,0.06127541,0.054022222,0.196301612,0.118229271,0.084742433,0,0,0.043017132,0,0,0.037517336
단양일반산업단지,0,0,0,0.169147846,0.510350102,0,0.039316892,0,0,0,0
달성2차일반산업단지,0.389561604,0.411760176,0.375684744,0.416509317,0.28150827,0.435701587,0.537300366,0.344379009,0.649995411,0.144413551,0.153350719
달성일반산업단지,0.520831539,0.679115598,0.450407418,0.559310939,0.538754426,0.468086264,0.443820456,0.404490611,0.665824935,0.144413551,0.211742452
담양일반산업단지,0.607232759,0.125435715,0.307840526,0.509257456,0.346381547,0,0.41564846,0.298140444,0.191281243,0.292346345,0
당진송산제2일반산업단지,0,0,0,0.38810402,0.084742433,0.300619123,0.29967539,0.043017132,0.133699851,0,0.195444815
당진제1철강일반산업단지,0,0,0,0,0,0.123677139,0,0,0,0,0.087112558
당진합덕인더스파크일반산업단지,0.06127541,0,0.137208938,0.118229271,0.084742433,0,0.130607889,0.099882688,0,0,0
당진합덕일반산업단지,0.28802137,0,0,0.239339694,0.084742433,0,0.36525467,0,0.191281243,0.144413551,0.153350719
대구국가산업단지,0,0,0,0.168309207,0.280112545,0,0.513169845,0.475518446,0.752296291,0,0.385755328
대구염색일반산업단지,0,0.770283397,0,0.050918575,0,0,0,0,0,0,0.211742452
대구이시아폴리스일반산업단지,0,0.387874643,0,0.050918575,0,0,0.272495053,0.318730749,0.191281243,0.254221922,0.293392286
대구제3일반산업단지,0.454013466,0.558641787,0.424280022,0.518156239,0.398326699,0.488567926,0.742044461,0.603209508,0.715113103,0.446558259,0.455179075
대구출판산업단지,0,0,0.763421173,0,0,0,0,0,0,0.062195531,0.318891578
대구테크노폴리스일반산업단지,0.142277095,0.422463445,0,0.287377117,0,0,0.412703669,0.409168321,0.534932215,0,0.153350719
대불국가산업단지,0.437505653,0.116739996,0.065550223,0.439547048,0.756003949,0.296345263,0.523951385,0.258735424,0.842310681,0.227159564,0.29755105
대불외국인투자지역,0,0,0,0,0,0,0.243364666,0,0.494550142,0,0.099907354
대전 일반산업단지,0,0,0,0,0,0,0,0,0,0,0
대전하소친환경일반산업단지,0.407984637,0.054022222,0.241539106,0.208127785,0,0,0.291314225,0.259064992,0.133699851,0.374564364,0.260022805
동고령일반산업단지,0,0.179457937,0.059092673,0.169147846,0.28150827,0,0.29967539,0,0.235361799,0,0.087112558
동두천국가산업단지,0,0,0,0,0,0,0,0,0,0,0
동두천상봉암일반산업단지,0.06127541,0,0,0,0,0.053264845,0,0.099882688,0,0.062195531,0.037517336
동두천일반산업단지,0,0.589901501,0,0,0,0,0,0.043017132,0,0,0.037517336
동두천제2일반산업단지,0,0.054022222,0,0.050918575,0,0.123677139,0.282291712,0.202199436,0,0,0.087112558
마산진북일반산업단지,0,0,0.059092673,0,0,0.053264845,0.41564846,0.14289982,0.235361799,0,0.2259432
명계3일반산업단지,0,0,0,0,0,0.176941984,0.130607889,0.099882688,0.366076693,0,0.195444815
명지녹산국가산업단지,0.657583863,0.709357898,0.735936448,0.733396907,0.689777734,0.724415476,0.73424085,0.504320546,0.828005859,0.447116744,0.46839113
목포대양일반산업단지,0.638487329,0.253928198,0.196301612,0.265257944,0.478274106,0,0.355811921,0.42222964,0.270657861,0.324004719,0.455179075
목포삽진일반산업단지,0,0,0,0,0,0,0.160706336,0,0.521102875,0,0
문경신기일반산업단지,0,0,0,0,0,0,0.130607889,0.043017132,0,0,0
문경신기제2일반산업단지,0.467044348,0,0,0.306650389,0.084742433,0,0.291314225,0.14289982,0,0.062195531,0
밀양나노융합국가산업단지,0.25046096,0,0,0,0,0,0,0,0,0,0.138830642
밀양사포일반산업단지,0,0,0,0,0,0,0.334187525,0.14289982,0.513732018,0,0.195444815
밀양용전일반산업단지,0,0,0,0.050918575,0.084742433,0.250368191,0.236780787,0.043017132,0.299967575,0,0.238518418
밀양하남일반산업단지,0,0,0,0.050918575,0.084742433,0.217718073,0.039316892,0,0.057581392,0,0
반월국가산업단지,0.83348363,0.942078687,1,0.969017907,0.804938671,0.822147392,0.91534466,1,0.943818854,0.865310742,0.589449922
보령관창일반산업단지,0.142277095,0,0,0.118229271,0,0.123677139,0.160706336,0,0.324981094,0,0.195444815
보은동부일반산업단지,0,0,0,0,0,0,0.039316892,0,0,0,0
보은일반산업단지,0.31921139,0,0,0.484324894,0.346381547,0,0.204819517,0.14289982,0,0,0.087112558
부산강서보고일반산업단지,0,0.054022222,0,0.050918575,0,0.053264845,0.261780184,0.099882688,0.133699851,0,0.153350719
부산강서신호일반산업단지,0,0,0,0,0,0.123677139,0.456672381,0.224095744,0.235361799,0,0.124629894
부산강서화전일반산업단지,0,0,0,0.050918575,0,0.49483141,0.58656517,0.371988862,0.559557333,0,0.313055757
부산과학일반산업단지,0,0.054022222,0.059092673,0.306650389,0.084742433,0.3546486,0.509218588,0.434047699,0.646640206,0.062195531,0.30034971
부산미음일반산업단지,0,0,0,0.118229271,0,0.546483631,0.611878935,0.469730231,0.725974248,0.062195531,0.375226197
부산반룡일반산업단지,0.42468377,0,0.393451516,0,0,0,0.29967539,0.371988862,0.480476172,0,0.269371065
부산생곡지구일반산업단지,0,0.125435715,0.241539106,0.306650389,0.196765836,0.33863402,0.396711863,0.043017132,0,0,0.441417744
부산성우일반산업단지,0,0,0,0.239339694,0,0,0.204819517,0.043017132,0.133699851,0,0.153350719
부산센텀시티일반산업단지,0,0.304893652,0.355877814,0,0,0,0.249959187,0.537546591,0,0.324004719,0.853032173
부산신소재일반산업단지,0,0,0,0,0,0,0,0.043017132,0.191281243,0,0.037517336
부산신평장림일반산업단지(기존단지),0.47918467,0.507971604,0.33351055,0.38810402,0.196765836,0.217718073,0.396711863,0.344379009,0.366076693,0.254221922,0.306888402
부산신항배후 국제산업물류도시(1단계)일반산업단지,0,0.411760176,0,0.38810402,0,0.661505169,0.662589567,0.527341019,0.785437299,0.292346345,0.390929152
부산오리일반산업단지,0.582836541,0,0,0.265257944,0,0.123677139,0.360631344,0.202199436,0.270657861,0,0.2259432
부산정관코리일반산업단지,0,0,0,0,0,0.053264845,0.130607889,0,0.057581392,0,0.037517336
부산지사제2일반산업단지,0,0.054022222,0.059092673,0.118229271,0,0,0.291314225,0,0,0,0
부산풍상일반산업단지,0,0,0,0,0,0,0.091290997,0,0,0,0
부안신재생에너지 일반산업단지,0,0,0,0,0,0,0,0.099882688,0.057581392,0,0
부천오정일반산업단지,0,0,0,0,0,0,0.462590779,0.099882688,0,0.062195531,0.037517336
북구검단일반산업단지,0.06127541,0.474742024,0.473073756,0.339026643,0.084742433,0.250368191,0.60275575,0.582300982,0.665824935,0.570484,0.277980613
북평국가산업단지,0.236860033,0,0.154034364,0,0.250941872,0,0.388073903,0.09186373,0,0.089022909,0.231683788
뷰티풀파크,0.70853959,0.343449086,0.615743303,0.659479514,0.720297622,0.452742971,0.691793708,0.554322102,0.324981094,0.6275599,0.566280306
빛그린국가산업단지,0,0,0.098108648,0.385886804,0,0,0.415573208,0.390593878,0.493744811,0,0.333008876
사상재생사업지구,0.31921139,0.554254129,0.375684744,0.626287295,0.478274106,0.730584295,0.684421205,0.490456084,0.69099698,0.474057561,0.38491824
사천제1일반산업단지,0.06127541,0,0,0,0,0.053264845,0.039316892,0.043017132,0.270657861,0,0.124629894
사천제2일반산업단지,0,0,0,0,0,0,0.091290997,0,0.366076693,0,0.176347979
사천종포일반산업단지,0,0,0,0,0,0,0,0,0.383389084,0,0
산청매촌일반산업단지,0,0,0,0,0,0,0.160706336,0,0,0,0.037517336
산청매촌제2일반산업단지,0,0,0,0.118229271,0,0,0,0.043017132,0.057581392,0,0.037517336
상복일반산업단지,0,0,0,0,0,0,0.039316892,0.043017132,0.235361799,0,0
상주청리일반산업단지,0.203552505,0,0,0.169147846,0,0,0,0,0,0,0
상주한방일반산업단지,0.06127541,0,0,0,0,0,0,0,0,0,0
서김해일반산업단지,0,0,0,0,0,0,0.424050473,0.409168321,0.383389084,0,0
서대구일반산업단지,0.673074742,0.857510933,0.620287151,0.467046941,0.441461754,0.3546486,0.582630413,0.554322102,0.590770296,0.604396046,0.696031102
서동일반산업단지,0,0,0,0,0,0,0,0,0.057581392,0,0
서산대산일반산업단지,0,0,0,0.208127785,0,0,0,0,0,0,0
서산대산제3일반산업단지,0,0,0,0.169147846,0,0,0,0,0,0,0.037517336
서산대죽일반산업단지,0,0,0,0.208127785,0.084742433,0,0.039316892,0,0,0,0
서산오토밸리일반산업단지,0,0,0,0,0,0.176941984,0.184806682,0.043017132,0.534932215,0,0.153350719
서산인더스밸리일반산업단지,0,0,0,0.208127785,0,0.277480724,0.091290997,0,0.133699851,0,0.037517336
서산테크노밸리일반산업단지,0,0,0.137208938,0.208127785,0.084742433,0.176941984,0.29967539,0.308859098,0.460975004,0.062195531,0.2259432
서울디지털국가산업단지,0.761135133,1,0.92966034,0.865089982,0.748454229,0.440536524,0.731440793,0.97038459,0.616250682,0.97630615,1
서울마곡일반산업단지,0.31921139,0.054022222,0,0.467046941,0,0,0.221898886,0.451544546,0.133699851,0,0.348536763
서울온수일반산업단지,0.142277095,0.179457937,0.196301612,0.265257944,0.196765836,0,0.424050473,0.298140444,0,0.062195531,0.087112558
서울우유일반산업단지,0.06127541,0,0,0,0,0,0,0,0,0,0
석문국가산업단지,0,0,0,0.564065121,0.690276678,0.555388903,0.487317022,0.072273933,0.397739834,0,0.215816853
설성일반산업단지,0,0,0.059092673,0.118229271,0,0,0,0,0,0.062195531,0
성남일반산업단지,1,0.869742522,0.772842607,0.805827368,0.876318346,0.217718073,0.653674009,0.869567036,0.513732018,0.843547953,0.737451073
성서5차첨단산업단지,0,0.054022222,0,0,0,0.217718073,0.497125994,0.409168321,0.133699851,0,0
성주월항일반산업단지,0,0,0,0,0.587327546,0,0.039316892,0.043017132,0,0,0
성주일반산업단지,0.06127541,0.281426247,0.059092673,0.169147846,0,0,0.429325061,0.224095744,0.528161142,0,0.037517336
성주제2일반산업단지,0,0.281426247,0.33351055,0.118229271,0,0,0.282291712,0.099882688,0.383389084,0,0.124629894
세종명학일반산업단지,0.06127541,0.179457937,0,0.398192372,0,0.123677139,0.160706336,0.242782507,0.324981094,0,0.037517336
세종미래일반산업단지,0.31921139,0,0.196301612,0.38810402,0.084742433,0,0,0,0.057581392,0,0.037517336
세종부강일반산업단지,0,0,0,0.265257944,0.084742433,0,0,0.259064992,0.057581392,0,0
세종소정일반산업단지,0,0,0,0,0.084742433,0,0,0,0,0,0
세종월산일반산업단지,0,0,0,0,0.084742433,0,0,0,0,0,0
세종전의일반산업단지,0.142277095,0,0,0.169147846,0.196765836,0,0,0,0.057581392,0,0.037517336
세종전의제2일반산업단지,0.142277095,0.125435715,0.137208938,0.447467478,0.196765836,0,0,0.043017132,0.057581392,0.062195531,0.037517336
세종조치원일반산업단지,0.142277095,0.125435715,0,0.239339694,0.084742433,0,0.091290997,0.14289982,0.133699851,0,0.087112558
세종첨단일반산업단지,0.06127541,0,0.137208938,0.208127785,0.084742433,0,0.261780184,0.242782507,0,0,0.124629894
송도지식정보일반산업단지,0,0,0,0.339026643,0,0,0.355811921,0.499651295,0.299967575,0.144413551,0.375226197
순천일반산업단지,0.142277095,0.054022222,0.059092673,0.169147846,0.346381547,0.250368191,0.291314225,0.14289982,0,0,0
순천해룡일반산업단지,0,0,0,0.460805395,0.084742433,0.300619123,0.393224289,0.286417163,0.235361799,0,0.153350719
시화국가산업단지,0.725036872,0.8161609,0.932904785,0.969155877,0.871286779,1,1,0.931428497,1,0.907017857,0.571462657
시흥매화일반산업단지,0,0,0,0,0,0.33863402,0.587847002,0.60511899,0.34677632,0.598106362,0.511754137
신갈일반산업단지,0,0,0,0,0,0,0,0,0,0.062195531,0
신둔일반산업단지,0,0,0,0.050918575,0,0,0,0.043017132,0,0,0
아산국가산업단지,0.383615355,0.121471202,0.281809019,0.55946373,0.386030028,0.581234992,0.457056689,0.283299301,0.431896088,0,0.378818645
아산디지털일반산업단지,0,0,0,0,0,0,0.091290997,0.298140444,0,0,0
아산운용일반산업단지,0,0,0,0.050918575,0,0,0.221898886,0.099882688,0,0,0
아산인주일반산업단지,0,0,0,0,0,0.176941984,0.345513018,0,0.383389084,0,0.211742452
아산제2테크노밸리일반산업단지,0.142277095,0,0,0.169147846,0,0.250368191,0.446066076,0.224095744,0.324981094,0,0.2259432
아산탕정디스플레이시티1일반산업단지,0,0,0,0.118229271,0.084742433,0,0,0.043017132,0,0,0.037517336
아산테크노밸리일반산업단지,0.142277095,0.054022222,0,0,0.196765836,0.053264845,0.471816554,0.404490611,0.528161142,0,0.260022805
안산반월도금일반산업단지,0.06127541,0.125435715,0,0.323717491,0.084742433,0,0.471816554,0.202199436,0.191281243,0.062195531,0.211742452
안성가율일반산업단지,0,0,0,0.050918575,0,0,0,0,0.057581392,0,0.037517336
안성개정일반산업단지,0,0,0,0.239339694,0.084742433,0,0.091290997,0.099882688,0,0,0.037517336
안성공도일반산업단지,0,0,0,0,0,0,0,0,0,0.254221922,0.037517336
안성금산지방산업단지,0.42468377,0,0,0,0,0,0,0,0,0,0
안성덕산일반산업단지,0.142277095,0,0.137208938,0.287377117,0,0,0.039316892,0,0,0,0
안성동항일반산업단지,0,0.125435715,0,0.118229271,0,0.053264845,0.091290997,0.175830929,0.057581392,0.144413551,0
안성동항제2일반산업단지,0,0,0,0.118229271,0.28150827,0,0.29967539,0.043017132,0,0,0
안성마정일반산업단지,0,0,0,0,0,0,0.130607889,0,0,0,0
안성방초일반산업단지,0.06127541,0,0,0.265257944,0.084742433,0,0.039316892,0,0,0,0
안성용월일반산업단지,0.06127541,0.220813825,0,0,0,0,0.091290997,0,0,0.062195531,0
안성원곡일반산업단지,0.06127541,0,0.137208938,0.050918575,0.084742433,0,0,0,0.057581392,0,0
안성월정일반산업단지,0,0,0,0.118229271,0,0,0,0.043017132,0,0,0.087112558
안성장원일반산업단지,0.06127541,0,0,0.208127785,0,0,0.204819517,0.14289982,0,0,0
안성장원제2일반산업단지,0.25046096,0,0,0,0.084742433,0.053264845,0,0.099882688,0.057581392,0,0
안성제1일반산업단지,0.369023055,0,0.277761549,0.352903271,0.196765836,0,0.272495053,0.202199436,0.133699851,0.062195531,0.124629894
안성제2일반산업단지,0.389561604,0.125435715,0.059092673,0.447467478,0.28150827,0.053264845,0.261780184,0.099882688,0.235361799,0.254221922,0.037517336
안성제3일반산업단지,0.31921139,0,0,0.447467478,0.084742433,0.053264845,0.221898886,0.224095744,0.057581392,0.062195531,0.037517336
안성제4일반산업단지,0.25046096,0,0,0.287377117,0,0.053264845,0.272495053,0.043017132,0.057581392,0,0.037517336
안성지문일반산업단지,0,0,0,0.050918575,0,0,0,0,0,0,0
안정국가산업단지,0,0,0,0,0,0,0.139351668,0,0.359399208,0,0.132973465
양산덕계일반산업단지,0.06127541,0,0.137208938,0.323717491,0.196765836,0,0.204819517,0.099882688,0.270657861,0,0.153350719
양산산막일반산업단지,0,0,0,0.050918575,0.084742433,0.217718073,0.504002517,0.286417163,0.559557333,0.062195531,0.329698697
양산서창일반산업단지,0.06127541,0.125435715,0,0,0.196765836,0.176941984,0.314756278,0,0.497932692,0.062195531,0.037517336
양산석계2일반산업단지,0,0.253928198,0.137208938,0,0,0.053264845,0.50266015,0.242782507,0.497932692,0.292346345,0.087112558
양산어곡일반산업단지,0.369023055,0.374413832,0.196301612,0.484324894,0,0.123677139,0.400095504,0.242782507,0.324981094,0,0.30034971
양산용당일반산업단지,0,0,0.137208938,0.265257944,0,0.123677139,0.282291712,0.043017132,0.480476172,0,0.087112558
양산유산일반산업단지,0.06127541,0,0,0.239339694,0,0,0.204819517,0,0,0,0.087112558
양산일반산업단지,0.31921139,0.374413832,0.196301612,0.518156239,0.28150827,0.33863402,0.282291712,0.224095744,0.299967575,0,0.124629894
양주검준일반산업단지,0,0.621810344,0,0,0,0,0.314756278,0,0,0,0.087112558
양주구암일반산업단지,0,0.054022222,0,0,0,0,0,0.043017132,0,0,0
양주남면일반산업단지,0,0.374413832,0,0,0,0,0.36525467,0,0,0,0.087112558
양주도하일반산업단지,0,0,0,0,0,0.053264845,0,0,0,0,0
양주상수일반산업단지,0,0.179457937,0,0.306650389,0,0.053264845,0.039316892,0,0,0,0
양주홍죽일반산업단지,0.439951871,0.411760176,0.196301612,0.323717491,0.196765836,0.176941984,0.314756278,0.35894768,0,0.062195531,0.153350719
에스폼산업단지,0,0,0,0,0,0,0.091290997,0,0,0,0
여수국가산업단지,0.151143148,0.058998652,0.251513048,0.725972307,0.579235906,0.226708366,0.496820572,0.231587435,0,0.385518099,0.427205004
여수오천일반산업단지,0.688124104,0,0,0.208127785,0.084742433,0,0,0,0,0.062195531,0.037517336
여수율촌제1일반산업단지,0,0,0,0.352903271,0.084742433,0.369164647,0.50266015,0.308859098,0.366076693,0,0.211742452
여주강천일반산업단지,0,0,0,0.118229271,0,0,0.091290997,0.043017132,0.057581392,0,0
여주삼교일반산업단지,0,0,0,0,0.084742433,0,0,0,0,0,0
여주장안일반산업단지,0,0,0,0,0.084742433,0,0,0,0,0,0
연천백학일반산업단지,0.06127541,0,0.137208938,0.440316263,0,0.482038777,0.272495053,0.099882688,0,0,0
연천백학통구일반산업단지,0,0,0,0,0,0.053264845,0,0,0,0,0
연천장남일반산업단지,0,0,0,0.050918575,0,0,0,0,0,0,0.037517336
영광대마일반산업단지,0.467044348,0,0.196301612,0.323717491,0.196765836,0.369164647,0.249959187,0.286417163,0.399081502,0.062195531,0.153350719
영동일반산업단지,0,0,0,0,0,0,0.245649093,0.120764358,0.115162784,0,0
영암삼호일반산업단지,0,0,0,0,0,0,0,0,0.057581392,0,0
영주SK스페셜티일반산업단지,0,0,0,0.050918575,0,0,0,0,0,0,0
영주가흥일반산업단지,0.25046096,0,0,0.050918575,0,0,0,0,0,0,0
영주갈산일반산업단지,0,0,0,0.050918575,0,0,0.091290997,0,0,0,0.037517336
영주두전일반산업단지,0.142277095,0.054022222,0,0,0,0,0,0,0,0,0.037517336
영주일반산업단지,0.467044348,0.507971604,0.059092673,0,0,0,0,0,0,0,0
영천일반산업단지,0,0,0,0.398192372,0.196765836,0.320780486,0.355811921,0.202199436,0.534932215,0,0
예산신소재일반산업단지,0.06127541,0,0,0.323717491,0,0.300619123,0.184806682,0.043017132,0,0.062195531,0.124629894
예산예당일반산업단지,0.142277095,0.054022222,0,0.52241151,0.28150827,0.250368191,0.321608605,0,0.133699851,0.144413551,0.037517336
예산일반산업단지,0.389561604,0.220813825,0.059092673,0.460805395,0,0.123677139,0.160706336,0.043017132,0.413429158,0,0.176347979
오산가장2일반산업단지,0,0.125435715,0,0.432800043,0,0,0.389626199,0.273483655,0,0,0
오산가장지방산업단지,0,0,0,0.265257944,0,0,0.328071783,0.273483655,0,0,0.087112558
오산세마일반산업단지,0,0,0,0,0,0,0.249959187,0,0,0,0
오송생명과학단지,0.215356911,0,0,0.570092172,0,0,0,0.345507104,0,0,0.131857424
옥천청산일반산업단지,0.25046096,0,0,0.287377117,0.196765836,0.053264845,0.039316892,0.099882688,0,0,0
옥천테크노밸리일반산업단지,0.142277095,0,0,0.169147846,0,0.053264845,0.091290997,0.099882688,0.270657861,0,0
온산국가산업단지,0.144752918,0,0.139596568,0.703048113,0.464002587,0.507616242,0.442290247,0.277853703,0.646076759,0.199943096,0.473998215
완장일반산업단지,0,0,0,0,0,0,0.091290997,0,0,0,0
완주일반산업단지,0,0,0,0.432800043,0,0.123677139,0.339991192,0.14289982,0.565183431,0.144413551,0.348536763
완주테크노밸리일반산업단지,0,0,0,0.339026643,0,0,0.458679673,0.224095744,0.585958213,0,0.285959083
왜관일반산업단지,0.06127541,0.7382618,0.375684744,0.559310939,0.196765836,0.123677139,0.544060275,0.389298531,0.685723429,0.206609082,0.356855625
왜관제3일반산업단지,0,0.281426247,0.137208938,0.118229271,0.196765836,0,0.328071783,0.318730749,0.366076693,0.062195531,0
용인농서일반산업단지,0,0,0,0.169147846,0,0,0,0,0,0,0
용인원삼일반산업단지,0,0,0,0,0,0,0,0.043017132,0,0,0
용인제일일반산업단지,0,0,0,0,0,0,0.130607889,0,0,0,0
용인테크노밸리일반산업단지,0.454013466,0,0.393451516,0.559310939,0,0.053264845,0.412703669,0.399629968,0,0.292346345,0.260022805
용인통삼일반산업단지,0,0,0,0,0,0,0.091290997,0.099882688,0,0,0.087112558
용인패키징디자인일반산업단지,0,0,0,0.050918575,0,0,0.039316892,0.043017132,0,0,0
울산길천일반산업단지,0.203552505,0.054022222,0,0.287377117,0,0.053264845,0.406574519,0.202199436,0.705882245,0,0
울산매곡일반산업단지,0,0,0,0,0,0,0.345513018,0.175830929,0.513732018,0,0
울산매곡제2일반산업단지,0,0,0,0,0,0,0.204819517,0,0.34677632,0,0
울산매곡제3일반산업단지,0,0,0,0,0,0,0.307465134,0,0.383389084,0,0
울산모듈화일반산업단지,0,0,0,0,0,0,0.130607889,0,0.585958213,0,0
울산미포국가산업단지,0.401620824,0.387786371,0.44856186,0.790280547,0.63760735,0.459111624,0.624270748,0.594031013,0.826510322,0.346405772,0.513756779
울산반천일반산업단지,0,0,0.241539106,0.169147846,0,0.176941984,0.418518788,0.259064992,0.570625436,0,0.087112558
울산봉계일반산업단지,0,0,0,0,0,0,0.130607889,0,0.324981094,0,0
울산신일반산업단지,0,0,0,0,0,0.33863402,0.460652075,0.32787881,0.299967575,0,0.037517336
울산와지일반산업단지,0,0,0,0.208127785,0,0,0.184806682,0,0.497932692,0,0.087112558
울산전읍일반산업단지,0,0,0,0.050918575,0,0,0.039316892,0,0.057581392,0,0
울산중산2차일반산업단지,0,0,0,0,0,0.053264845,0.339991192,0.175830929,0.565183431,0,0
울산중산일반산업단지,0,0,0,0.050918575,0,0,0.236780787,0,0.383389084,0,0
울산테크노일반산업단지,0,0,0,0.265257944,0,0.053264845,0.436804015,0.409168321,0.366076693,0.062195531,0.487120756
웅천일반산업단지,0.28802137,0,0,0,0,0.123677139,0.130607889,0,0,0,0.124629894
원주동화일반산업단지,0.142277095,0,0,0.118229271,0,0,0.160706336,0.14289982,0.133699851,0,0.087112558
원주문막반계일반산업단지,0.25046096,0,0,0.239339694,0,0,0.091290997,0.043017132,0.235361799,0,0.195444815
원주문막지방산업단지,0.28802137,0.054022222,0.059092673,0.239339694,0.084742433,0,0.130607889,0.043017132,0.366076693,0.062195531,0.037517336
원주우산일반산업단지,0.407984637,0,0.137208938,0.118229271,0.084742433,0,0.204819517,0.043017132,0.057581392,0,0
원주자동차부품일반산업단지,0,0,0,0,0,0,0,0,0.299967575,0,0
음성금왕일반산업단지,0.203552505,0,0,0.050918575,0,0.053264845,0,0.043017132,0,0,0.087112558
음성금왕테크노밸리일반산업단지,0.520831539,0.125435715,0.137208938,0.473034524,0.196765836,0.053264845,0.184806682,0,0,0,0.249798361
음성대풍일반산업단지,0.25046096,0,0,0.239339694,0,0,0,0,0,0,0
음성리노삼봉일반산업단지,0,0,0,0.265257944,0,0,0.160706336,0,0,0,0.037517336
음성맹동일반산업단지,0.389561604,0,0,0.37727563,0,0,0.091290997,0.043017132,0,0,0.037517336
음성생극일반산업단지,0.369023055,0,0.241539106,0.432800043,0.084742433,0,0.184806682,0,0,0,0.087112558
음성성본일반산업단지,0.389561604,0,0.137208938,0.432800043,0.084742433,0.123677139,0.221898886,0.175830929,0,0,0.249798361
음성오선일반산업단지,0.06127541,0,0.059092673,0.339026643,0.084742433,0,0.039316892,0,0.057581392,0,0.124629894
음성용산일반산업단지,0.28802137,0.054022222,0,0.323717491,0,0,0.160706336,0.099882688,0,0,0
음성원남일반산업단지,0.511300151,0.281426247,0.241539106,0.499785334,0,0.217718073,0.221898886,0.14289982,0.057581392,0,0.176347979
음성유촌일반산업단지,0.28802137,0,0,0.432800043,0.196765836,0.053264845,0.039316892,0,0.235361799,0.062195531,0.238518418
음성이테크일반산업단지,0,0.125435715,0.059092673,0.208127785,0.196765836,0,0.184806682,0,0,0,0
음성중부일반산업단지,0,0,0,0,0.084742433,0,0,0,0,0,0.037517336
음성하이텍일반산업단지,0.142277095,0,0,0.169147846,0,0,0.091290997,0,0,0,0
의정부용현일반산업단지,0.25046096,0.615929659,0.33351055,0.407634997,0.196765836,0.053264845,0.291314225,0.371988862,0.191281243,0.292346345,0.176347979
이당일반산업단지,0,0,0,0,0,0,0,0,0.057581392,0,0
이천대월일반산업단지,0.142277095,0,0.137208938,0,0,0,0,0.14289982,0,0,0
이천도암일반산업단지,0.06127541,0,0,0.118229271,0,0,0.039316892,0.14289982,0,0,0
이천모가일반산업단지,0,0,0,0.050918575,0,0,0,0,0,0,0
이천장호원일반산업단지,0,0,0,0.239339694,0,0,0.130607889,0.14289982,0,0,0
이화일반산업단지,0,0,0,0,0,0,0,0.043017132,0,0,0
익산국가산업단지,0.248609063,0.568084052,0.155765556,0.466759221,0.403299263,0,0.296861902,0.455693059,0.387888396,0.869703217,0.307461724
익산제2일반산업단지,0.407984637,0.495514916,0.241539106,0.518156239,0.346381547,0.176941984,0.406574519,0.371988862,0.599995809,0.206609082,0.211742452
익산제3일반산업단지,0.142277095,0.441896865,0,0.549179874,0.196765836,0,0.204819517,0.286417163,0.133699851,0.6275599,0.124629894
익산제4일반산업단지,0.454013466,0.054022222,0.059092673,0.323717491,0,0,0.039316892,0.175830929,0,0,0.087112558
인천기계일반산업단지,0,0.054022222,0,0.352903271,0.084742433,0.277480724,0.483589141,0.418026571,0.450296789,0.144413551,0.176347979
인천서부일반산업단지,0,0,0.375684744,0.37727563,0.441461754,0.57078405,0.563010554,0.413676352,0.426643042,0.395411323,0.334723709
인천서운일반산업단지,0,0,0.241539106,0,0,0,0.511739371,0.534237084,0.057581392,0.446558259,0.344125049
인천일반산업단지,0.520831539,0.374413832,0.393451516,0.545641518,0.398326699,0.33863402,0.588482528,0.576473139,0.480476172,0.632912493,0.360787299
인천청라1지구일반산업단지,0,0,0.277761549,0.306650389,0,0,0.282291712,0.175830929,0.057581392,0.062195531,0
장항국가생태산업단지,0.38318577,0,0,0.29760644,0,0.119973052,0.157475725,0.133028169,0.129695588,0,0.161667528
장흥바이오식품일반산업단지,0.723918836,0.054022222,0.059092673,0.432800043,0,0,0.221898886,0.14289982,0,0.144413551,0.124629894
전주과학산업연구단지,0.25046096,0,0.059092673,0.42487966,0,0.053264845,0.41564846,0.394571526,0.62876624,0,0.329698697
전주시자원순환특화일반산업단지,0,0,0,0.208127785,0,0,0,0,0,0,0.124629894
전주제1일반산업단지,0.31921139,0.359691379,0.241539106,0.339026643,0.346381547,0.217718073,0.314756278,0.273483655,0.191281243,0.292346345,0.238518418
전주제2일반산업단지,0,0.125435715,0.196301612,0.239339694,0,0,0.091290997,0.259064992,0.057581392,0,0.087112558
전주친환경첨단복합일반산업단지(3-1단계),0,0,0,0,0.084742433,0,0,0,0,0,0.037517336
정읍제1일반산업단지,0.06127541,0,0.059092673,0.050918575,0.084742433,0,0,0,0,0,0.037517336
정읍제2일반산업단지,0.389561604,0.054022222,0,0.352903271,0.441461754,0.176941984,0.282291712,0.14289982,0.057581392,0.144413551,0.037517336
정읍제3일반산업단지,0.369023055,0.054022222,0.241539106,0.407634997,0.28150827,0.123677139,0.184806682,0,0.057581392,0.144413551,0.037517336
정읍첨단과학일반산업단지,0.28802137,0,0,0.440316263,0,0,0.249959187,0.259064992,0.057581392,0,0.176347979
정주일반산업단지,0,0,0.137208938,0,0,0,0,0,0,0,0
제주용암해수일반산업단지,0.42468377,0,0,0.239339694,0,0,0,0,0,0,0
제천일반산업단지,0.25046096,0,0,0,0,0,0,0.043017132,0.413429158,0,0
제천제2산업단지,0,0,0.059092673,0.169147846,0,0,0,0.043017132,0.34677632,0,0
제천제3산업단지,0.28802137,0,0,0.239339694,0.196765836,0,0.184806682,0.14289982,0.133699851,0,0.087112558
증평2일반산업단지,0.389561604,0,0.196301612,0.339026643,0.084742433,0.053264845,0.184806682,0.043017132,0.191281243,0,0.037517336
증평일반산업단지,0,0,0,0.050918575,0.084742433,0,0.039316892,0.202199436,0,0,0.037517336
진주뿌리일반산업단지,0,0,0,0.050918575,0,0.123677139,0.421318323,0.099882688,0.47101055,0.144413551,0.293392286
진주상평일반산업단지,0.467044348,0.519507337,0.437840718,0.440316263,0.627889816,0.300619123,0.643217884,0.259064992,0.547699956,0.351022633,0.371792793
진주일반산업단지,0,0.054022222,0.137208938,0.118229271,0.084742433,0.053264845,0.450428253,0.202199436,0.460975004,0,0.2259432
진주정촌일반산업단지,0,0,0,0,0,0.053264845,0.460652075,0.242782507,0.581002716,0,0.293392286
진주지수일반산업단지,0,0,0,0.118229271,0,0,0,0,0,0,0
진천문백정밀기계일반산업단지,0,0,0,0,0,0,0.039316892,0,0.191281243,0,0
진천문백태흥일반산업단지,0,0,0,0,0,0,0.039316892,0,0.057581392,0,0
진천산수일반산업단지,0.467044348,0,0.137208938,0.489660967,0.28150827,0.053264845,0.291314225,0.043017132,0.133699851,0,0.153350719
진천신척일반산업단지,0.554533178,0,0.059092673,0.586086533,0,0.123677139,0.261780184,0.14289982,0.191281243,0,0.211742452
진천이월일반산업단지,0,0,0,0.265257944,0,0,0,0,0,0,0
진천죽현일반산업단지,0,0,0,0.050918575,0,0,0,0,0,0,0
진천초평은암일반산업단지,0,0,0,0.239339694,0.196765836,0,0,0,0,0,0.176347979
진천케이푸드밸리,0,0,0,0.050918575,0,0,0.091290997,0,0,0,0
진해국가산업단지,0,0,0,0,0,0,0,0,0.235361799,0,0
진해남양지방산업단지,0,0,0,0,0,0.176941984,0.369697211,0.175830929,0.324981094,0,0.087112558
진해마천일반산업단지,0,0.125435715,0,0.208127785,0.28150827,0.522814866,0.409680452,0.043017132,0.366076693,0,0.249798361
진해죽곡일반산업단지,0,0,0,0,0,0,0.160706336,0,0.191281243,0,0
창녕넥센일반산업단지,0,0,0,0.050918575,0,0,0,0,0,0,0
창녕대합일반산업단지,0,0,0,0.050918575,0,0.320780486,0.334187525,0.14289982,0.497932692,0,0.037517336
창녕억만일반산업단지,0,0,0,0,0,0.123677139,0,0,0,0,0
창원국가산업단지,0.310434128,0.330284598,0.646173752,0.54962196,0.44764666,0.668692947,0.832238891,0.792363979,0.918272205,0.573849374,0.611874254
창원수곡일반산업단지,0,0,0,0.050918575,0,0,0.204819517,0,0.235361799,0,0
창원일반산업단지,0,0,0,0,0,0,0.400095504,0.259064992,0.366076693,0,0
창원진전평암일반산업단지,0.06127541,0,0,0,0,0,0,0,0,0,0
창원창곡일반산업단지,0,0,0,0,0.084742433,0,0.091290997,0.099882688,0,0,0
창원천선일반산업단지,0,0,0,0,0,0,0.307465134,0.224095744,0.270657861,0,0
천안마정일반산업단지,0,0.179457937,0.137208938,0.339026643,0.084742433,0,0.393224289,0.202199436,0.270657861,0,0.124629894
천안산업기술일반산업단지,0.42468377,0,0.059092673,0.38810402,0.084742433,0,0.400095504,0.463959234,0.057581392,0.144413551,0.176347979
천안제2일반산업단지,0.389561604,0.220813825,0.196301612,0.42487966,0,0.053264845,0.385910368,0.42629518,0.383389084,0.062195531,0.496338226
천안제3일반산업단지,0,0.054022222,0,0.239339694,0,0,0.345513018,0.542351082,0,0,0.535716624
천안제4일반산업단지,0,0,0,0,0,0,0.50266015,0.451544546,0,0,0.124629894
천안제5일반산업단지,0.28802137,0,0,0.473034524,0,0.176941984,0.345513018,0.224095744,0.057581392,0,0.087112558
천안풍세일반산업단지,0.31921139,0.054022222,0.059092673,0.52241151,0,0,0.431873197,0.383792011,0.133699851,0,0.2259432
청산대전일반산업단지,0,0.46715492,0,0,0,0,0,0,0,0,0.238518418
청원옥산일반산업단지,0,0.054022222,0.137208938,0.440316263,0,0.053264845,0.249959187,0.318730749,0.133699851,0,0.260022805
청주오송제2생명과학일반산업단지(충북경제자유구역 오송바이오폴리스지구),0.501227281,0,0,0.504597637,0,0,0.291314225,0.383792011,0.057581392,0,0.344125049
청주오창과학일반산업단지,0.47918467,0.054022222,0,0.556010895,0.441461754,0,0.314756278,0.546976538,0.191281243,0,0.352775966
청주오창제2일반산업단지,0,0,0,0.050918575,0,0,0.039316892,0.224095744,0,0,0
청주오창제3일반산업단지,0.203552505,0,0.137208938,0.416509317,0,0,0.204819517,0.099882688,0,0,0.087112558
청주테크노폴리스일반산업단지,0,0.054022222,0,0.169147846,0,0,0.160706336,0.273483655,0,0,0.037517336
청주현도일반산업단지,0.142277095,0,0.137208938,0,0,0,0,0,0,0,0
춘천동춘천일반산업단지,0.31921139,0,0.059092673,0.265257944,0,0,0.184806682,0,0,0,0.211742452
춘천전력IT문화복합일반산업단지,0,0,0,0,0,0,0.039316892,0.318730749,0,0,0.037517336
춘천후평일반산업단지,0.618275773,0.343449086,0.409555797,0.545641518,0.28150827,0,0.321608605,0.383792011,0.191281243,0.431060889,0.575699227
충주DH산업단지,0,0,0,0.050918575,0.196765836,0,0,0,0,0,0
충주KGC예본일반산업단지,0.06127541,0,0,0,0,0,0,0,0,0,0
충주대신일반산업단지,0,0,0,0,0,0,0.039316892,0,0,0,0
충주만정일반산업단지,0,0,0,0,0.196765836,0,0,0,0,0,0
충주메가폴리스일반산업단지,0.562044254,0.054022222,0,0.306650389,0.084742433,0,0.160706336,0.298140444,0.191281243,0.144413551,0.249798361
충주제1일반산업단지,0.25046096,0,0.137208938,0.265257944,0.28150827,0.053264845,0.236780787,0.259064992,0.057581392,0.062195531,0.153350719
충주제3일반산업단지,0,0.054022222,0,0,0,0.123677139,0.160706336,0,0,0,0.087112558
충주제4일반산업단지,0,0,0,0.050918575,0.084742433,0,0.039316892,0,0,0,0.037517336
충주제5일반산업단지,0.25046096,0,0,0.050918575,0,0,0.091290997,0,0,0,0.087112558
충주중원일반산업단지,0.203552505,0,0,0.42487966,0,0.053264845,0.130607889,0,0,0,0.211742452
충주첨단일반산업단지,0,0,0.241539106,0.365590742,0.084742433,0.053264845,0.321608605,0.175830929,0.270657861,0,0.124629894
칠곡연화일반산업단지,0,0.054022222,0,0.118229271,0,0,0.221898886,0,0,0,0
칠서일반산업단지,0.25046096,0,0.059092673,0.37727563,0,0.123677139,0.446066076,0,0.191281243,0,0.2259432
탕정일반산업단지,0,0,0,0,0,0,0.091290997,0,0.057581392,0,0.087112558
태백동점산업단지,0.203552505,0.054022222,0.137208938,0,0,0,0.039316892,0.043017132,0,0,0.037517336
파주LCD일반산업단지,0,0,0,0.118229271,0,0,0,0.14289982,0,0,0.124629894
파주금파일반산업단지,0.142277095,0,0,0.239339694,0,0,0.130607889,0.043017132,0,0,0.037517336
파주문발제1일반산업단지,0,0,0.450407418,0.050918575,0,0,0.130607889,0,0,0,0
파주문발제2일반산업단지,0,0,0.424280022,0.050918575,0,0,0.091290997,0.043017132,0,0,0.037517336
파주법원2일반산업단지,0.203552505,0.125435715,0.059092673,0.118229271,0,0.123677139,0.249959187,0,0,0.206609082,0
파주신촌일반산업단지,0.25046096,0,0.606275657,0.339026643,0,0,0.291314225,0.242782507,0,0.292346345,0.087112558
파주오산일반산업단지,0,0,0.721955985,0.050918575,0,0,0,0.043017132,0,0,0.176347979
파주월롱첨단일반산업단지,0,0,0,0,0.084742433,0,0,0.043017132,0,0,0
파주적성일반산업단지,0,0.054022222,0.355877814,0.38810402,0.084742433,0.468086264,0.334187525,0.242782507,0.057581392,0.254221922,0.318891578
파주첨단일반산업단지(선유지구),0.25046096,0.304893652,0.375684744,0.489660967,0,0,0.429325061,0.344379009,0,0.062195531,0.195444815
파주축현일반산업단지,0.203552505,0.179457937,0.241539106,0.53448484,0,0.320780486,0.282291712,0.175830929,0.057581392,0.395411323,0.269371065
파주탄현일반산업단지,0,0,0.355877814,0.169147846,0,0,0.321608605,0.14289982,0,0.486380184,0.124629894
파주탄현중소기업전용국가산업단지,0.14536568,0.128158703,0.060966435,0.38586606,0,0.054953812,0.320639794,0.261723062,0.059407232,0,0.038706968
평택LGDigitalPark일반산업단지,0,0,0,0,0,0,0,0.043017132,0,0,0
평택고렴일반산업단지,0.142277095,0,0,0.352903271,0,0.053264845,0.039316892,0,0,0,0.153350719
평택송탄일반산업단지,0.42468377,0.125435715,0.375684744,0.619945755,0.084742433,0.123677139,0.393224289,0.437749785,0.299967575,0.395411323,0.699467958
평택어연.한산일반산업단지,0,0,0,0.239339694,0,0.053264845,0.236780787,0.32787881,0.34677632,0,0.037517336
평택일반산업단지,0.25046096,0,0,0.432800043,0.28150827,0,0.350779059,0.308859098,0.270657861,0.324004719,0.037517336
평택장당일반산업단지,0.06127541,0,0,0.050918575,0,0,0.039316892,0.099882688,0,0,0
평택진위2일반산업단지,0,0.281426247,0,0.239339694,0,0,0.475306605,0.504005531,0.133699851,0,0.505848498
평택진위일반산업단지,0,0,0,0,0,0,0.160706336,0.242782507,0,0,0.087112558
평택추팔일반산업단지,0.203552505,0.054022222,0.059092673,0.37727563,0.084742433,0,0.204819517,0.298140444,0.191281243,0,0.037517336
평택칠괴일반산업단지,0.142277095,0,0,0.323717491,0,0,0.249959187,0.202199436,0.133699851,0.062195531,0
평택포승2일반산업단지,0,0,0,0,0,0,0.204819517,0,0,0,0.2259432
평택현곡일반산업단지,0,0,0,0.265257944,0.084742433,0,0.261780184,0.336401672,0.057581392,0,0
포천금현일반산업단지,0,0.125435715,0,0.265257944,0.084742433,0,0.091290997,0.043017132,0,0,0.124629894
포천신평일반산업단지,0.142277095,0.179457937,0,0.169147846,0,0.053264845,0.039316892,0.175830929,0,0,0
포천양문일반산업단지,0,0.593402693,0,0,0,0,0,0,0,0,0.087112558
포천용정일반산업단지,0.546689459,0.359691379,0.059092673,0.484324894,0,0,0.345513018,0.344379009,0.057581392,0.395411323,0.490669901
포천장자일반산업단지,0,0.668790778,0,0.169147846,0,0,0,0,0,0,0.2259432
포항국가산업단지,0,0,0,0,0.067424597,0.051801087,0,0,0,0,0
포항블루밸리국가산업단지,0,0,0,0,0.523278227,0.364623964,0,0.301723045,0,0,0
포항영일만2일반산업단지,0,0,0,0,0,0.053264845,0.091290997,0,0.235361799,0,0.087112558
포항영일만3일반산업단지,0,0,0,0,0,0.053264845,0.039316892,0,0,0,0.211742452
포항영일만4일반산업단지,0,0,0,0.118229271,0,0.217718073,0,0.224095744,0,0,0
포항영일만일반산업단지,0,0,0,0,0.196765836,0,0.091290997,0.242782507,0,0,0.087112558
한국수출산업(부평)국가산업단지,0.571233103,0.705756332,0.68129691,0.69951786,0.271246717,0.387503304,0.669766139,0.780775897,0.533543069,0.782375381,0.629138129
한국수출산업(주안)국가산업단지,0.640714387,0.538906467,0.628521408,0.693199536,0.272805086,0.4203401,0.669524841,0.727543876,0.547145475,0.746113692,0.562901058
함안대산대사일반산업단지,0,0,0.375684744,0.050918575,0,0,0.360631344,0.14289982,0,0,0
함안법수강주일반산업단지,0,0,0,0.050918575,0,0.250368191,0.29967539,0,0.191281243,0,0
함안법수우거일반산업단지,0,0.054022222,0,0,0,0,0.249959187,0,0.299967575,0,0
함안사내일반산업단지,0,0,0,0,0.084742433,0.053264845,0.039316892,0,0,0,0.037517336
함안일반산업단지,0.203552505,0,0,0.287377117,0,0.416540617,0.517806677,0,0.299967575,0,0.176347979
함안장지일반산업단지,0,0,0,0,0,0,0.091290997,0,0,0,0.037517336
함양일반산업단지,0,0,0,0.050918575,0,0,0,0,0.057581392,0,0.087112558
함평동함평일반산업단지,0.562044254,0.054022222,0.277761549,0.407634997,0.398326699,0.123677139,0.396711863,0.099882688,0.057581392,0,0
홍성일반산업단지,0,0,0,0.050918575,0.084742433,0.123677139,0.130607889,0.099882688,0,0,0.087112558
홍천북방일반산업단지,0.06127541,0,0,0.050918575,0,0,0,0,0,0,0
화성 영진바이오 일반산업단지,0,0,0,0.050918575,0,0,0,0,0,0,0
화성 팔탄(한미약품) 일반산업단지,0,0,0,0.050918575,0,0,0,0,0,0,0
화성동탄일반산업단지,0,0,0.241539106,0.339026643,0,0,0.597025154,0.599300098,0.383389084,0.062195531,0.456782488
화성마도일반산업단지,0,0,0,0,0,0.394660057,0.529046896,0.242782507,0.47101055,0,0.433820326
화성바이오밸리일반산업단지,0.142277095,0,0.33351055,0.643818621,0,0.300619123,0.551322742,0.14289982,0.497932692,0,0.433820326
화성발안일반산업단지,0,0.054022222,0,0.416509317,0,0,0.59877493,0.492819512,0.133699851,0.486380184,0.491827556
화성송산테크노파크일반산업단지,0,0,0,0.287377117,0,0.250368191,0.512979067,0.318730749,0,0.254221922,0.313055757
화성일반산업단지,0,0,0,0,0,0,0.039316892,0.043017132,0,0,0
화성전곡해양일반산업단지,0.25046096,0.054022222,0.196301612,0.693247485,0.084742433,0.176941984,0.52797168,0.308859098,0.450296789,0.292346345,0.364581336
화성정남일반산업단지,0.28802137,0,0,0.484324894,0,0,0.450428253,0.371988862,0,0,0.2259432
화성주곡일반산업단지,0.06127541,0.054022222,0.196301612,0.239339694,0,0,0.282291712,0,0.191281243,0.062195531,0.195444815
화성향남제약일반산업단지,0,0,0,0.239339694,0,0,0,0,0,0,0.037517336
화성화남일반산업단지,0,0,0,0,0,0,0.378092815,0,0,0,0
화순지방산업단지,0,0,0,0.38810402,0,0,0,0.099882688,0,0,0.176347979
횡성우천일반산업단지,0.31921139,0.054022222,0.137208938,0.287377117,0,0.217718073,0.091290997,0.099882688,0.299967575,0,0.037517336
